Date,Forecasted_Demand,PRODUCT_CARD_ID,PRODUCT_NAME
2017-12-10,77.37991740767156,M001,Blue Pump
2017-12-11,79.84574442887343,M001,Blue Pump
2017-12-12,79.74037059882389,M001,Blue Pump
2017-12-13,80.9388842896169,M001,Blue Pump
2017-12-14,80.12484104153863,M001,Blue Pump
2017-12-15,76.95786306978168,M001,Blue Pump
2017-12-16,80.52698912605085,M001,Blue Pump
2017-12-17,76.38750180288454,M001,Blue Pump
2017-12-18,78.53580216635565,M001,Blue Pump
2017-12-19,78.15998041924313,M001,Blue Pump
2017-12-20,79.14316174157497,M001,Blue Pump
2017-12-21,78.17543841795097,M001,Blue Pump
2017-12-22,74.92127549268503,M001,Blue Pump
2017-12-23,78.47271268897343,M001,Blue Pump
2017-12-24,74.38609404516293,M001,Blue Pump
2017-12-25,76.65689814874753,M001,Blue Pump
2017-12-26,76.47031920631031,M001,Blue Pump
2017-12-27,77.7046781237143,M001,Blue Pump
2017-12-28,77.04347321640417,M001,Blue Pump
2017-12-29,74.14295481948496,M001,Blue Pump
2017-12-30,78.08554215478809,M001,Blue Pump
2017-12-31,74.4168082368347,M001,Blue Pump
2018-01-01,77.1205988862742,M001,Blue Pump
2018-01-02,77.36992831810014,M001,Blue Pump
2018-01-03,79.03072196099106,M001,Blue Pump
2018-01-04,78.77420709332766,M001,Blue Pump
2018-01-05,76.24482626307768,M001,Blue Pump
2018-01-06,80.51398253252852,M001,Blue Pump
2018-01-07,77.11733325733331,M001,Blue Pump
2018-01-08,80.03018988990077,M001,Blue Pump
2018-01-09,80.41865842850818,M001,Blue Pump
2018-01-10,82.14358427319611,M001,Blue Pump
2018-01-11,81.87309632344085,M001,Blue Pump
2018-01-12,79.25062083954457,M001,Blue Pump
2018-01-13,83.34867109742567,M001,Blue Pump
2018-01-14,79.7061280549195,M001,Blue Pump
2018-01-15,82.30356959478762,M001,Blue Pump
2018-01-16,82.31428461078796,M001,Blue Pump
2018-01-17,83.60803887185838,M001,Blue Pump
2018-01-18,82.86339212060524,M001,Blue Pump
2018-01-19,79.73544287372162,M001,Blue Pump
2018-01-20,83.30931406605158,M001,Blue Pump
2018-01-21,79.13710284250732,M001,Blue Pump
2018-01-22,81.21286090597965,M001,Blue Pump
2018-01-23,80.72325104672078,M001,Blue Pump
2018-01-24,81.55095641064283,M001,Blue Pump
2018-01-25,80.38665158553597,M001,Blue Pump
2018-01-26,76.89642133539778,M001,Blue Pump
2018-01-27,80.1749489695064,M001,Blue Pump
2018-01-28,75.78220573875618,M001,Blue Pump
2018-01-29,77.718214775636,M001,Blue Pump
2018-01-30,77.17354113875231,M001,Blue Pump
2018-01-31,78.032589118235,M001,Blue Pump
2018-02-01,76.98551901766861,M001,Blue Pump
2018-02-02,73.69567083003871,M001,Blue Pump
2018-02-03,77.25281678942399,M001,Blue Pump
2018-02-04,73.20997259052334,M001,Blue Pump
2018-02-05,75.55833764188515,M001,Blue Pump
2018-02-06,75.47801129539096,M001,Blue Pump
2018-02-07,76.84156024850188,M001,Blue Pump
2018-02-08,76.32624219346224,M001,Blue Pump
2018-02-09,73.58176500227677,M001,Blue Pump
2018-02-10,77.6838945311908,M001,Blue Pump
2018-02-11,74.17163141202742,M001,Blue Pump
2018-02-12,77.02251749718232,M001,Blue Pump
2018-02-13,77.40370919058117,M001,Blue Pump
2018-02-14,79.17588339945796,M001,Blue Pump
2018-02-15,79.00577222458257,M001,Blue Pump
2018-02-16,76.53419746339384,M001,Blue Pump
2018-02-17,80.82991075973061,M001,Blue Pump
2018-02-18,77.42695367328436,M001,Blue Pump
2018-02-19,80.30009355810627,M001,Blue Pump
2018-02-20,80.61596914737751,M001,Blue Pump
2018-02-21,82.23700977195212,M001,Blue Pump
2018-02-22,81.83392409436182,M001,Blue Pump
2018-02-23,79.05363077043677,M001,Blue Pump
2018-02-24,82.9729397417612,M001,Blue Pump
2018-02-25,79.13570275109784,M001,Blue Pump
2018-02-26,81.52799461853216,M001,Blue Pump
2018-02-27,81.32896599517613,M001,Blue Pump
2018-02-28,82.41443932707983,M001,Blue Pump
2018-03-01,81.46905248699987,M001,Blue Pump
2018-03-02,78.15383160152926,M001,Blue Pump
2018-03-03,81.55951118375724,M001,Blue Pump
2018-03-04,77.24332961099981,M001,Blue Pump
2018-03-05,79.20387071912063,M001,Blue Pump
2018-03-06,78.63160100648798,M001,Blue Pump
2018-03-07,79.41218226654343,M001,Blue Pump
2018-03-08,78.23837129254822,M001,Blue Pump
2018-03-09,74.77739428045611,M001,Blue Pump
2018-03-10,78.12411889851232,M001,Blue Pump
2018-03-11,73.83775555724503,M001,Blue Pump
2018-03-12,75.91666070209159,M001,Blue Pump
2018-03-13,75.54889218293827,M001,Blue Pump
2018-03-14,76.61559558968352,M001,Blue Pump
2018-03-15,75.80303081310592,M001,Blue Pump
2018-03-16,72.77012269553744,M001,Blue Pump
2018-03-17,76.60185371215881,M001,Blue Pump
2018-03-18,72.84622407093244,M001,Blue Pump
2018-03-19,75.4893449619015,M001,Blue Pump
2018-03-20,75.70630717348764,M001,Blue Pump
2018-03-21,77.36489559814879,M001,Blue Pump
2018-03-22,77.13795022036315,M001,Blue Pump
2018-03-23,74.67124871860783,M001,Blue Pump
2018-03-24,79.03722005755783,M001,Blue Pump
2018-03-25,75.7722062894796,M001,Blue Pump
2018-03-26,78.85183073417105,M001,Blue Pump
2018-03-27,79.44210799780738,M001,Blue Pump
2018-03-28,81.40336056971044,M001,Blue Pump
2018-03-29,81.40273792265808,M001,Blue Pump
2018-03-30,79.08220980798207,M001,Blue Pump
2018-03-31,83.51234098401294,M001,Blue Pump
2018-04-01,80.22956379948076,M001,Blue Pump
2018-04-02,83.21150734967641,M001,Blue Pump
2018-04-03,83.6280205224533,M001,Blue Pump
2018-04-04,85.34495677148084,M001,Blue Pump
2018-04-05,85.03652077827869,M001,Blue Pump
2018-04-06,82.35305393795332,M001,Blue Pump
2018-04-07,86.37457199925772,M001,Blue Pump
2018-04-08,82.64777804532136,M001,Blue Pump
2018-04-09,85.16111677421978,M001,Blue Pump
2018-04-10,85.09551491271763,M001,Blue Pump
2018-04-11,86.32788318190768,M001,Blue Pump
2018-04-12,85.543187417819,M001,Blue Pump
2018-04-13,82.40197288189377,M001,Blue Pump
2018-04-14,85.99366166658498,M001,Blue Pump
2018-04-15,81.87335225992953,M001,Blue Pump
2018-04-16,84.0366922630199,M001,Blue Pump
2018-04-17,83.67047316419068,M001,Blue Pump
2018-04-18,84.65602560200114,M001,Blue Pump
2018-04-19,83.68122461457934,M001,Blue Pump
2018-04-20,80.40798965719343,M001,Blue Pump
2018-04-21,83.92559889394425,M001,Blue Pump
2018-04-22,79.78754531780731,M001,Blue Pump
2018-04-23,81.98650313696493,M001,Blue Pump
2018-04-24,81.70504982151685,M001,Blue Pump
2018-04-25,82.81921789713968,M001,Blue Pump
2018-04-26,82.0106809401866,M001,Blue Pump
2018-04-27,78.9344529702825,M001,Blue Pump
2018-04-28,82.67241478587655,M001,Blue Pump
2018-04-29,78.77038863588696,M001,Blue Pump
2018-04-30,81.21332347990156,M001,Blue Pump
2018-05-01,81.1762301952437,M001,Blue Pump
2018-05-02,82.52793509662872,M001,Blue Pump
2018-05-03,81.94345096972005,M001,Blue Pump
2018-05-04,79.07184016689082,M001,Blue Pump
2018-05-05,82.98987938377876,M001,Blue Pump
2018-05-06,79.23924439717624,M001,Blue Pump
2018-05-07,81.80177478750655,M001,Blue Pump
2018-05-08,81.85045669859088,M001,Blue Pump
2018-05-09,83.25319163324647,M001,Blue Pump
2018-05-10,82.68515104358671,M001,Blue Pump
2018-05-11,79.79659270792762,M001,Blue Pump
2018-05-12,83.66645077722217,M001,Blue Pump
2018-05-13,79.83942077206737,M001,Blue Pump
2018-05-14,82.30110318350941,M001,Blue Pump
2018-05-15,82.22884786937531,M001,Blue Pump
2018-05-16,83.49537175921944,M001,Blue Pump
2018-05-17,82.78095437723992,M001,Blue Pump
2018-05-18,79.74109201539092,M001,Blue Pump
2018-05-19,83.45992722912082,M001,Blue Pump
2018-05-20,79.48717953516486,M001,Blue Pump
2018-05-21,81.81314524395061,M001,Blue Pump
2018-05-22,81.61941246194819,M001,Blue Pump
2018-05-23,82.78236708446576,M001,Blue Pump
2018-05-24,81.98529697665472,M001,Blue Pump
2018-05-25,78.88597718412304,M001,Blue Pump
2018-05-26,82.57005413364232,M001,Blue Pump
2018-05-27,78.5879552546693,M001,Blue Pump
2018-05-28,80.92989177334113,M001,Blue Pump
2018-05-29,80.77659982759248,M001,Blue Pump
2018-05-30,82.00289417963273,M001,Blue Pump
2018-05-31,81.28983958740734,M001,Blue Pump
2018-06-01,78.29242003032196,M001,Blue Pump
2018-06-02,82.0930206888242,M001,Blue Pump
2018-06-03,78.23844573913098,M001,Blue Pump
2018-06-04,80.71503614692492,M001,Blue Pump
2018-06-05,80.69952895874229,M001,Blue Pump
2018-06-06,82.0627287482575,M001,Blue Pump
2018-06-07,81.48179280156124,M001,Blue Pump
2018-06-08,78.60800700171048,M001,Blue Pump
2018-06-09,82.52036441416357,M001,Blue Pump
2018-06-10,78.76266714817814,M001,Blue Pump
2018-06-11,81.31871367136739,M001,Blue Pump
2018-06-12,81.36321159230103,M001,Blue Pump
2018-06-13,82.76548563819149,M001,Blue Pump
2018-06-14,82.20178204401682,M001,Blue Pump
2018-06-15,79.3230465017324,M001,Blue Pump
2018-06-16,83.20848838816346,M001,Blue Pump
2018-06-17,79.40265305284495,M001,Blue Pump
2018-06-18,81.89056597959228,M001,Blue Pump
2018-06-19,81.84859083705386,M001,Blue Pump
2018-06-20,83.14807342927864,M001,Blue Pump
2018-06-21,82.46757524605587,M001,Blue Pump
2018-06-22,79.4605763538201,M001,Blue Pump
2018-06-23,83.2089629564906,M001,Blue Pump
2018-06-24,79.26002394846645,M001,Blue Pump
2018-06-25,81.60152266055185,M001,Blue Pump
2018-06-26,81.41248797190094,M001,Blue Pump
2018-06-27,82.56679866070506,M001,Blue Pump
2018-06-28,81.74536620599693,M001,Blue Pump
2018-06-29,78.60379690366534,M001,Blue Pump
2018-06-30,82.22584933334416,M001,Blue Pump
2018-07-01,78.16041177906354,M001,Blue Pump
2018-07-02,80.39656566510693,M001,Blue Pump
2018-07-03,80.11437863896562,M001,Blue Pump
2018-07-04,81.1885002663783,M001,Blue Pump
2018-07-05,80.30036432163138,M001,Blue Pump
2018-07-06,77.1058770435331,M001,Blue Pump
2018-07-07,80.68890570219331,M001,Blue Pump
2018-07-08,76.59829026107252,M001,Blue Pump
2018-07-09,78.82294232522862,M001,Blue Pump
2018-07-10,78.54267316062644,M001,Blue Pump
2018-07-11,79.63182199950411,M001,Blue Pump
2018-07-12,78.77148703117277,M001,Blue Pump
2018-07-13,75.61723709219612,M001,Blue Pump
2018-07-14,79.25261732541752,M001,Blue Pump
2018-07-15,75.22617083819632,M001,Blue Pump
2018-07-16,77.52654014671164,M001,Blue Pump
2018-07-17,77.33329015324915,M001,Blue Pump
2018-07-18,78.52052419959396,M001,Blue Pump
2018-07-19,77.7690962777047,M001,Blue Pump
2018-07-20,74.7342984199037,M001,Blue Pump
2018-07-21,78.49933783292389,M001,Blue Pump
2018-07-22,74.61232733742878,M001,Blue Pump
2018-07-23,77.06135460607052,M001,Blue Pump
2018-07-24,77.02527376075555,M001,Blue Pump
2018-07-25,78.37729272080105,M001,Blue Pump
2018-07-26,77.79716119047117,M001,Blue Pump
2018-07-27,74.93884000033795,M001,Blue Pump
2018-07-28,78.88396787100476,M001,Blue Pump
2018-07-29,75.17885041156781,M001,Blue Pump
2018-07-30,77.80953778493638,M001,Blue Pump
2018-07-31,77.95263518021824,M001,Blue Pump
2018-08-01,79.4789196690029,M001,Blue Pump
2018-08-02,79.06556810258387,M001,Blue Pump
2018-08-03,76.36387610979683,M001,Blue Pump
2018-08-04,80.45278319498324,M001,Blue Pump
2018-08-05,76.87592728728106,M001,Blue Pump
2018-08-06,79.61679335988757,M001,Blue Pump
2018-08-07,79.84959814511335,M001,Blue Pump
2018-08-08,81.44298217114408,M001,Blue Pump
2018-08-09,81.0723112645996,M001,Blue Pump
2018-08-10,78.38746498657495,M001,Blue Pump
2018-08-11,82.46642441727883,M001,Blue Pump
2018-08-12,78.85238015542208,M001,Blue Pump
2018-08-13,81.52892285311206,M001,Blue Pump
2018-08-14,81.67095628899955,M001,Blue Pump
2018-08-15,83.14840253494185,M001,Blue Pump
2018-08-16,82.63850011366576,M001,Blue Pump
2018-08-17,79.79357184883783,M001,Blue Pump
2018-08-18,83.6945745815936,M001,Blue Pump
2018-08-19,79.88815193099681,M001,Blue Pump
2018-08-20,82.36175329313127,M001,Blue Pump
2018-08-21,82.29446051068743,M001,Blue Pump
2018-08-22,83.56059372655169,M001,Blue Pump
2018-08-23,82.841899762059,M001,Blue Pump
2018-08-24,79.79520258869661,M001,Blue Pump
2018-08-25,83.5058312828183,M001,Blue Pump
2018-08-26,79.52455011370785,M001,Blue Pump
2018-08-27,81.84255759175021,M001,Blue Pump
2018-08-28,81.64219958811672,M001,Blue Pump
2018-08-29,82.80047165674218,M001,Blue Pump
2018-08-30,82.00111733713665,M001,Blue Pump
2018-08-31,78.90220515591835,M001,Blue Pump
2018-09-01,82.58950246827378,M001,Blue Pump
2018-09-02,78.61337304986083,M001,Blue Pump
2018-09-03,80.96376694805103,M001,Blue Pump
2018-09-04,80.82094874163857,M001,Blue Pump
2018-09-05,82.0590396805728,M001,Blue Pump
2018-09-06,81.35818009974797,M001,Blue Pump
2018-09-07,78.37219370258359,M001,Blue Pump
2018-09-08,82.18207001257733,M001,Blue Pump
2018-09-09,78.33298937130803,M001,Blue Pump
2018-09-10,80.80945582954449,M001,Blue Pump
2018-09-11,80.78618036507821,M001,Blue Pump
2018-09-12,82.13178572591633,M001,Blue Pump
2018-09-13,81.52113477414967,M001,Blue Pump
2018-09-14,78.60315918804635,M001,Blue Pump
2018-09-15,82.45449999574828,M001,Blue Pump
2018-09-16,78.61667954954333,M001,Blue Pump
2018-09-17,81.0713657141126,M001,Blue Pump
2018-09-18,80.99136646519656,M001,Blue Pump
2018-09-19,82.24442242863934,M001,Blue Pump
2018-09-20,81.50559605676963,M001,Blue Pump
2018-09-21,78.42513181871803,M001,Blue Pump
2018-09-22,82.0820971827155,M001,Blue Pump
2018-09-23,78.0215231580571,M001,Blue Pump
2018-09-24,80.22960522644874,M001,Blue Pump
2018-09-25,79.88460383179009,M001,Blue Pump
2018-09-26,80.86051383967978,M001,Blue Pump
2018-09-27,79.83930441923164,M001,Blue Pump
2018-09-28,76.47860729288175,M001,Blue Pump
2018-09-29,79.86516743066669,M001,Blue Pump
2018-09-30,75.55177987384367,M001,Blue Pump
2018-10-01,77.53227892819721,M001,Blue Pump
2018-10-02,76.99222465264378,M001,Blue Pump
2018-10-03,77.81236200093608,M001,Blue Pump
2018-10-04,76.6806600382891,M001,Blue Pump
2018-10-05,73.25981500185385,M001,Blue Pump
2018-10-06,76.64053678857712,M001,Blue Pump
2018-10-07,72.37834758528422,M001,Blue Pump
2018-10-08,74.46846328078773,M001,Blue Pump
2018-10-09,74.0964062195334,M001,Blue Pump
2017-12-10,60.95060085078328,M002,Green Pump
2017-12-11,59.46722617207655,M002,Green Pump
2017-12-12,61.934948430897116,M002,Green Pump
2017-12-13,64.3753850746993,M002,Green Pump
2017-12-14,64.46280057076027,M002,Green Pump
2017-12-15,61.82736102408616,M002,Green Pump
2017-12-16,59.30584019566311,M002,Green Pump
2017-12-17,61.027715369792276,M002,Green Pump
2017-12-18,59.73894421581035,M002,Green Pump
2017-12-19,62.40871595113802,M002,Green Pump
2017-12-20,65.05296080274239,M002,Green Pump
2017-12-21,65.34011377104875,M002,Green Pump
2017-12-22,62.89453162372321,M002,Green Pump
2017-12-23,60.54736236781498,M002,Green Pump
2017-12-24,62.422801100511954,M002,Green Pump
2017-12-25,61.26201889525246,M002,Green Pump
2017-12-26,64.03005372793396,M002,Green Pump
2017-12-27,66.7394434454533,M002,Green Pump
2017-12-28,67.05609320733103,M002,Green Pump
2017-12-29,64.60277327796447,M002,Green Pump
2017-12-30,62.2100439810775,M002,Green Pump
2017-12-31,64.00253996323976,M002,Green Pump
2018-01-01,62.722899407474976,M002,Green Pump
2018-01-02,65.33862695598394,M002,Green Pump
2018-01-03,67.8656708800548,M002,Green Pump
2018-01-04,67.97420823508578,M002,Green Pump
2018-01-05,65.2920359251825,M002,Green Pump
2018-01-06,62.655367222492345,M002,Green Pump
2018-01-07,64.19496923719328,M002,Green Pump
2018-01-08,62.659930853956205,M002,Green Pump
2018-01-09,65.0243541901896,M002,Green Pump
2018-01-10,67.31075471572846,M002,Green Pump
2018-01-11,67.1956685532213,M002,Green Pump
2018-01-12,64.31286971428634,M002,Green Pump
2018-01-13,61.50400156354842,M002,Green Pump
2018-01-14,62.90456253946556,M002,Green Pump
2018-01-15,61.2675398414574,M002,Green Pump
2018-01-16,63.569987876625675,M002,Green Pump
2018-01-17,65.83633978468751,M002,Green Pump
2018-01-18,65.74395309082294,M002,Green Pump
2018-01-19,62.926294053264314,M002,Green Pump
2018-01-20,60.22356603832212,M002,Green Pump
2018-01-21,61.76872219191697,M002,Green Pump
2018-01-22,60.31115554755345,M002,Green Pump
2018-01-23,62.82336199956724,M002,Green Pump
2018-01-24,65.32436233561803,M002,Green Pump
2018-01-25,65.48538155067699,M002,Green Pump
2018-01-26,62.93318655447275,M002,Green Pump
2018-01-27,60.500883616225785,M002,Green Pump
2018-01-28,62.31411140020495,M002,Green Pump
2018-01-29,61.11491800943204,M002,Green Pump
2018-01-30,63.86861256421591,M002,Green Pump
2018-01-31,66.58737256020534,M002,Green Pump
2018-02-01,66.9361003653898,M002,Green Pump
2018-02-02,64.53592532269185,M002,Green Pump
2018-02-03,62.21514849856215,M002,Green Pump
2018-02-04,64.09556208572018,M002,Green Pump
2018-02-05,62.916428591237995,M002,Green Pump
2018-02-06,65.64140769766027,M002,Green Pump
2018-02-07,68.28221011848247,M002,Green Pump
2018-02-08,68.50447064912353,M002,Green Pump
2018-02-09,65.9312365147459,M002,Green Pump
2018-02-10,63.39386849001117,M002,Green Pump
2018-02-11,65.01828801781197,M002,Green Pump
2018-02-12,63.548857424731885,M002,Green Pump
2018-02-13,65.95518377865606,M002,Green Pump
2018-02-14,68.25562898308851,M002,Green Pump
2018-02-15,68.12302210661088,M002,Green Pump
2018-02-16,65.18797426480599,M002,Green Pump
2018-02-17,62.28959804877435,M002,Green Pump
2018-02-18,63.56156942485482,M002,Green Pump
2018-02-19,61.75582395364294,M002,Green Pump
2018-02-20,63.849182547427915,M002,Green Pump
2018-02-21,65.8666938342048,M002,Green Pump
2018-02-22,65.48719328138513,M002,Green Pump
2018-02-23,62.34648312461057,M002,Green Pump
2018-02-24,59.28793830101353,M002,Green Pump
2018-02-25,60.44847891472163,M002,Green Pump
2018-02-26,58.582203019657825,M002,Green Pump
2018-02-27,60.666976166805,M002,Green Pump
2018-02-28,62.727765278472035,M002,Green Pump
2018-03-01,62.44221676055834,M002,Green Pump
2018-03-02,59.443881936067505,M002,Green Pump
2018-03-03,56.572893354333615,M002,Green Pump
2018-03-04,57.962030230363794,M002,Green Pump
2018-03-05,56.36046397011651,M002,Green Pump
2018-03-06,58.74047692945918,M002,Green Pump
2018-03-07,61.12093829806435,M002,Green Pump
2018-03-08,61.17303308317487,M002,Green Pump
2018-03-09,58.523643188638914,M002,Green Pump
2018-03-10,56.00618001898237,M002,Green Pump
2018-03-11,57.74680281685113,M002,Green Pump
2018-03-12,56.48830983198206,M002,Green Pump
2018-03-13,59.19699190397906,M002,Green Pump
2018-03-14,61.886229170372665,M002,Green Pump
2018-03-15,62.222324161424936,M002,Green Pump
2018-03-16,59.82796809608404,M002,Green Pump
2018-03-17,57.5331382102128,M002,Green Pump
2018-03-18,59.46135934057068,M002,Green Pump
2018-03-19,58.35361650615347,M002,Green Pump
2018-03-20,61.17520833538745,M002,Green Pump
2018-03-21,63.93932291729845,M002,Green Pump
2018-03-22,64.31283076502095,M002,Green Pump
2018-03-23,61.91969363758198,M002,Green Pump
2018-03-24,59.591789417930066,M002,Green Pump
2018-03-25,61.45508899141877,M002,Green Pump
2018-03-26,60.25347485157556,M002,Green Pump
2018-03-27,62.95549443438586,M002,Green Pump
2018-03-28,65.57783298070056,M002,Green Pump
2018-03-29,65.7910038055764,M002,Green Pump
2018-03-30,63.22265778296018,M002,Green Pump
2018-03-31,60.70831508752083,M002,Green Pump
2018-04-01,62.377457680448614,M002,Green Pump
2018-04-02,60.977274434992005,M002,Green Pump
2018-04-03,63.47935364052402,M002,Green Pump
2018-04-04,65.90310894530151,M002,Green Pump
2018-04-05,65.92143737258154,M002,Green Pump
2018-04-06,63.16401145640667,M002,Green Pump
2018-04-07,60.468008264243466,M002,Green Pump
2018-04-08,61.96421302530341,M002,Green Pump
2018-04-09,60.400788036396705,M002,Green Pump
2018-04-10,62.7499999530738,M002,Green Pump
2018-04-11,65.03168955175771,M002,Green Pump
2018-04-12,64.91898035158061,M002,Green Pump
2018-04-13,62.04162570703865,M002,Green Pump
2018-04-14,59.236794598809205,M002,Green Pump
2018-04-15,60.635231287613465,M002,Green Pump
2018-04-16,58.985077022524585,M002,Green Pump
2018-04-17,61.25864459026024,M002,Green Pump
2018-04-18,63.47592770924401,M002,Green Pump
2018-04-19,63.31033988582895,M002,Green Pump
2018-04-20,60.39208094379438,M002,Green Pump
2018-04-21,57.558930474644924,M002,Green Pump
2018-04-22,58.94240284835911,M002,Green Pump
2018-04-23,57.29155192411575,M002,Green Pump
2018-04-24,59.579716674048896,M002,Green Pump
2018-04-25,61.82799061517721,M002,Green Pump
2018-04-26,61.7109109965529,M002,Green Pump
2018-04-27,58.859767678309815,M002,Green Pump
2018-04-28,56.113333016222406,M002,Green Pump
2018-04-29,57.60394973066969,M002,Green Pump
2018-04-30,56.081267436586614,M002,Green Pump
2018-05-01,58.51892169736214,M002,Green Pump
2018-05-02,60.937941173807666,M002,Green Pump
2018-05-03,61.0123814267386,M002,Green Pump
2018-05-04,58.372587768799725,M002,Green Pump
2018-05-05,55.85589069993338,M002,Green Pump
2018-05-06,57.5926728109961,M002,Green Pump
2018-05-07,56.330099352117315,M002,Green Pump
2018-05-08,59.03880740618556,M002,Green Pump
2018-05-09,61.736339828338075,M002,Green Pump
2018-05-10,62.09282258227452,M002,Green Pump
2018-05-11,59.73428740926003,M002,Green Pump
2018-05-12,57.4934423749193,M002,Green Pump
2018-05-13,59.4958276778725,M002,Green Pump
2018-05-14,58.483646939083705,M002,Green Pump
2018-05-15,61.42256650825087,M002,Green Pump
2018-05-16,64.32526617985862,M002,Green Pump
2018-05-17,64.85723689337063,M002,Green Pump
2018-05-18,62.64022409421783,M002,Green Pump
2018-05-19,60.50311593099416,M002,Green Pump
2018-05-20,62.5682102900618,M002,Green Pump
2018-05-21,61.57514759015534,M002,Green Pump
2018-05-22,64.48779876066442,M002,Green Pump
2018-05-23,67.31788896221458,M002,Green Pump
2018-05-24,67.73085015521939,M002,Green Pump
2018-05-25,65.34929916750228,M002,Green Pump
2018-05-26,63.00393891996969,M002,Green Pump
2018-05-27,64.81981585634126,M002,Green Pump
2018-05-28,63.54022014177388,M002,Green Pump
2018-05-29,66.133518314272,M002,Green Pump
2018-05-30,68.61669982732325,M002,Green Pump
2018-05-31,68.66113207436518,M002,Green Pump
2018-06-01,65.89592260304981,M002,Green Pump
2018-06-02,63.15868875872296,M002,Green Pump
2018-06-03,64.5816708420442,M002,Green Pump
2018-06-04,62.915478766031065,M002,Green Pump
2018-06-05,65.13576560841449,M002,Green Pump
2018-06-06,67.26661340395283,M002,Green Pump
2018-06-07,66.98612976288072,M002,Green Pump
2018-06-08,63.929658001534726,M002,Green Pump
2018-06-09,60.940404876773734,M002,Green Pump
2018-06-10,62.15542563142838,M002,Green Pump
2018-06-11,60.3292596286758,M002,Green Pump
2018-06-12,62.44051284426537,M002,Green Pump
2018-06-13,64.51517493510508,M002,Green Pump
2018-06-14,64.23217127963338,M002,Green Pump
2018-06-15,61.22655386957809,M002,Green Pump
2018-06-16,58.340135689887596,M002,Green Pump
2018-06-17,59.70750817349001,M002,Green Pump
2018-06-18,58.07973422607962,M002,Green Pump
2018-06-19,60.431011664327535,M002,Green Pump
2018-06-20,62.782092756243806,M002,Green Pump
2018-06-21,62.805957679153785,M002,Green Pump
2018-06-22,60.131142714604266,M002,Green Pump
2018-06-23,57.592524358223024,M002,Green Pump
2018-06-24,59.3174951677913,M002,Green Pump
2018-06-25,58.049819877476864,M002,Green Pump
2018-06-26,60.756462557028804,M002,Green Pump
2018-06-27,63.45116645163556,M002,Green Pump
2018-06-28,63.80028038420984,M002,Green Pump
2018-06-29,61.42622882919469,M002,Green Pump
2018-06-30,59.158423446324875,M002,Green Pump
2018-07-01,61.11954891746717,M002,Green Pump
2018-07-02,60.04950911859087,M002,Green Pump
2018-07-03,62.91232245797399,M002,Green Pump
2018-07-04,65.71974666236486,M002,Green Pump
2018-07-05,66.1371261634474,M002,Green Pump
2018-07-06,63.78685910087834,M002,Green Pump
2018-07-07,61.4992822696204,M002,Green Pump
2018-07-08,63.398908002791366,M002,Green Pump
2018-07-09,62.22830074068467,M002,Green Pump
2018-07-10,64.95488435068881,M002,Green Pump
2018-07-11,67.59446316102935,M002,Green Pump
2018-07-12,67.81695290871896,M002,Green Pump
2018-07-13,65.24972194438222,M002,Green Pump
2018-07-14,62.72834452995088,M002,Green Pump
2018-07-15,64.38270381088694,M002,Green Pump
2018-07-16,62.96073578603445,M002,Green Pump
2018-07-17,65.43510879460524,M002,Green Pump
2018-07-18,67.82662472691496,M002,Green Pump
2018-07-19,67.80984110488552,M002,Green Pump
2018-07-20,65.01631694543313,M002,Green Pump
2018-07-21,62.28528637339238,M002,Green Pump
2018-07-22,63.749699204589845,M002,Green Pump
2018-07-23,62.159920933235675,M002,Green Pump
2018-07-24,64.49038720567133,M002,Green Pump
2018-07-25,66.76299899625481,M002,Green Pump
2018-07-26,66.65275709955432,M002,Green Pump
2018-07-27,63.791037805660444,M002,Green Pump
2018-07-28,61.01631220708157,M002,Green Pump
2018-07-29,62.460246422238946,M002,Green Pump
2018-07-30,60.87147288342288,M002,Green Pump
2018-07-31,63.22232520983546,M002,Green Pump
2018-08-01,65.53232012736399,M002,Green Pump
2018-08-02,65.47388218927783,M002,Green Pump
2018-08-03,62.67571028730748,M002,Green Pump
2018-08-04,59.973585594113445,M002,Green Pump
2018-08-05,61.496555568709866,M002,Green Pump
2018-08-06,59.990781750606665,M002,Green Pump
2018-08-07,62.426341741913674,M002,Green Pump
2018-08-08,64.82076707740032,M002,Green Pump
2018-08-09,64.84481138123928,M002,Green Pump
2018-08-10,62.125846884773544,M002,Green Pump
2018-08-11,59.49868848987064,M002,Green Pump
2018-08-12,61.091780017193564,M002,Green Pump
2018-08-13,59.65103082697442,M002,Green Pump
2018-08-14,62.146594102988345,M002,Green Pump
2018-08-15,64.59636978442124,M002,Green Pump
2018-08-16,64.67172817250781,M002,Green Pump
2018-08-17,62.00085419909114,M002,Green Pump
2018-08-18,59.419513671279546,M002,Green Pump
2018-08-19,61.0571784047047,M002,Green Pump
2018-08-20,59.6608007719462,M002,Green Pump
2018-08-21,62.20153128378947,M002,Green Pump
2018-08-22,64.69816442518005,M002,Green Pump
2018-08-23,64.82281084714407,M002,Green Pump
2018-08-24,62.20419774564025,M002,Green Pump
2018-08-25,59.67840029589195,M002,Green Pump
2018-08-26,61.374942270138426,M002,Green Pump
2018-08-27,60.04055720340325,M002,Green Pump
2018-08-28,62.64590416184236,M002,Green Pump
2018-08-29,65.20902335764757,M002,Green Pump
2018-08-30,65.4010293221995,M002,Green Pump
2018-08-31,62.84944268186754,M002,Green Pump
2018-09-01,60.38896224998954,M002,Green Pump
2018-09-02,62.1476140797317,M002,Green Pump
2018-09-03,60.870567082519166,M002,Green Pump
2018-09-04,63.52690728941896,M002,Green Pump
2018-09-05,66.13315387303163,M002,Green Pump
2018-09-06,66.35901243737071,M002,Green Pump
2018-09-07,63.830764413583104,M002,Green Pump
2018-09-08,61.382092140102564,M002,Green Pump
2018-09-09,63.140274282354,M002,Green Pump
2018-09-10,61.85003941950654,M002,Green Pump
2018-09-11,64.4803683727165,M002,Green Pump
2018-09-12,67.0480272159255,M002,Green Pump
2018-09-13,67.22332566873314,M002,Green Pump
2018-09-14,64.63349929941062,M002,Green Pump
2018-09-15,62.113515122895386,M002,Green Pump
2018-09-16,63.792235673846356,M002,Green Pump
2018-09-17,62.41623021678836,M002,Green Pump
2018-09-18,64.95652488771306,M002,Green Pump
2018-09-19,67.43207527757016,M002,Green Pump
2018-09-20,67.5154580279599,M002,Green Pump
2018-09-21,64.83618198120149,M002,Green Pump
2018-09-22,62.2314207606124,M002,Green Pump
2018-09-23,63.83210425561495,M002,Green Pump
2018-09-24,62.38666009554378,M002,Green Pump
2018-09-25,64.86769927619311,M002,Green Pump
2018-09-26,67.29543168993744,M002,Green Pump
2018-09-27,67.34331016601817,M002,Green Pump
2018-09-28,64.64130532665438,M002,Green Pump
2018-09-29,62.02661456434855,M002,Green Pump
2018-09-30,63.62974366044354,M002,Green Pump
2018-10-01,62.19825274968836,M002,Green Pump
2018-10-02,64.70346096581872,M002,Green Pump
2018-10-03,67.16389522712811,M002,Green Pump
2018-10-04,67.25098101615228,M002,Green Pump
2018-10-05,64.59237626239153,M002,Green Pump
2018-10-06,62.022750023832835,M002,Green Pump
2018-10-07,63.66994250816925,M002,Green Pump
2018-10-08,62.27879584679826,M002,Green Pump
2018-10-09,64.81794741883823,M002,Green Pump
2017-12-10,59.90317176420469,M003,Orange Pump
2017-12-11,61.29394298719111,M003,Orange Pump
2017-12-12,60.624015683207496,M003,Orange Pump
2017-12-13,60.727128523808716,M003,Orange Pump
2017-12-14,61.520589668505416,M003,Orange Pump
2017-12-15,61.0567324307226,M003,Orange Pump
2017-12-16,60.79906983513983,M003,Orange Pump
2017-12-17,60.681850315108335,M003,Orange Pump
2017-12-18,61.83184619928622,M003,Orange Pump
2017-12-19,60.916381778507244,M003,Orange Pump
2017-12-20,60.772585363323834,M003,Orange Pump
2017-12-21,61.321135342056486,M003,Orange Pump
2017-12-22,60.61767466306296,M003,Orange Pump
2017-12-23,60.128924648479675,M003,Orange Pump
2017-12-24,59.79220065508498,M003,Orange Pump
2017-12-25,60.73716154377576,M003,Orange Pump
2017-12-26,59.633800112203225,M003,Orange Pump
2017-12-27,59.32165931717752,M003,Orange Pump
2017-12-28,59.72354476377298,M003,Orange Pump
2017-12-29,58.89690839722251,M003,Orange Pump
2017-12-30,58.30993485289735,M003,Orange Pump
2017-12-31,57.9010335509765,M003,Orange Pump
2018-01-01,58.80056907508418,M003,Orange Pump
2018-01-02,57.67883755514486,M003,Orange Pump
2018-01-03,57.375274414346634,M003,Orange Pump
2018-01-04,57.81216443590985,M003,Orange Pump
2018-01-05,57.04602948778714,M003,Orange Pump
2018-01-06,56.5437256642696,M003,Orange Pump
2018-01-07,56.24195311584366,M003,Orange Pump
2018-01-08,57.269011154490904,M003,Orange Pump
2018-01-09,56.29280625056025,M003,Orange Pump
2018-01-10,56.15009801395099,M003,Orange Pump
2018-01-11,56.76025367835439,M003,Orange Pump
2018-01-12,56.17668581824388,M003,Orange Pump
2018-01-13,55.86300428143168,M003,Orange Pump
2018-01-14,55.75258467375438,M003,Orange Pump
2018-01-15,56.97038490446031,M003,Orange Pump
2018-01-16,56.1810162060805,M003,Orange Pump
2018-01-17,56.2180524203485,M003,Orange Pump
2018-01-18,56.99784669851512,M003,Orange Pump
2018-01-19,56.57102893899843,M003,Orange Pump
2018-01-20,56.39871353822539,M003,Orange Pump
2018-01-21,56.41211842158281,M003,Orange Pump
2018-01-22,57.73442556915928,M003,Orange Pump
2018-01-23,57.028888269947544,M003,Orange Pump
2018-01-24,57.12816786605545,M003,Orange Pump
2018-01-25,57.94816828890488,M003,Orange Pump
2018-01-26,57.53954107737876,M003,Orange Pump
2018-01-27,57.36389005877806,M003,Orange Pump
2018-01-28,57.35337652160917,M003,Orange Pump
2018-01-29,58.63255522608704,M003,Orange Pump
2018-01-30,57.86644689175714,M003,Orange Pump
2018-01-31,57.88983060127602,M003,Orange Pump
2018-02-01,58.621025361609135,M003,Orange Pump
2018-02-02,58.113334695681644,M003,Orange Pump
2018-02-03,57.83118484721199,M003,Orange Pump
2018-02-04,57.70965901594988,M003,Orange Pump
2018-02-05,58.87625970621152,M003,Orange Pump
2018-02-06,57.99890666998507,M003,Orange Pump
2018-02-07,57.91515578361215,M003,Orange Pump
2018-02-08,58.54591000683468,M003,Orange Pump
2018-02-09,57.946798161289664,M003,Orange Pump
2018-02-10,57.58425387975963,M003,Orange Pump
2018-02-11,57.39499876721323,M003,Orange Pump
2018-02-12,58.50776328799672,M003,Orange Pump
2018-02-13,57.59125405760542,M003,Orange Pump
2018-02-14,57.48335380341661,M003,Orange Pump
2018-02-15,58.10482576735549,M003,Orange Pump
2018-02-16,57.51069858773175,M003,Orange Pump
2018-02-17,57.16636397459867,M003,Orange Pump
2018-02-18,57.0070908409335,M003,Orange Pump
2018-02-19,58.15978868843325,M003,Orange Pump
2018-02-20,57.29102788859965,M003,Orange Pump
2018-02-21,57.23630178703622,M003,Orange Pump
2018-02-22,57.91380080126065,M003,Orange Pump
2018-02-23,57.37587272053079,M003,Orange Pump
2018-02-24,57.0851995145301,M003,Orange Pump
2018-02-25,56.97439217946426,M003,Orange Pump
2018-02-26,58.16783421791258,M003,Orange Pump
2018-02-27,57.32977918108886,M003,Orange Pump
2018-02-28,57.29368504132688,M003,Orange Pump
2018-03-01,57.97605351640791,M003,Orange Pump
2018-03-02,57.42794667539262,M003,Orange Pump
2018-03-03,57.11120947699005,M003,Orange Pump
2018-03-04,56.958098385090125,M003,Orange Pump
2018-03-05,58.0931455863147,M003,Orange Pump
2018-03-06,57.181263512777804,M003,Orange Pump
2018-03-07,57.05707208164594,M003,Orange Pump
2018-03-08,57.638716800214944,M003,Orange Pump
2018-03-09,56.97935047938883,M003,Orange Pump
2018-03-10,56.54330799882636,M003,Orange Pump
2018-03-11,56.26567542095122,M003,Orange Pump
2018-03-12,57.274084463753475,M003,Orange Pump
2018-03-13,56.23673881491238,M003,Orange Pump
2018-03-14,55.99165672632091,M003,Orange Pump
2018-03-15,56.46040025951684,M003,Orange Pump
2018-03-16,55.699466281680856,M003,Orange Pump
2018-03-17,55.17637108333811,M003,Orange Pump
2018-03-18,54.82913234787504,M003,Orange Pump
2018-03-19,55.78798185386543,M003,Orange Pump
2018-03-20,54.72331763638251,M003,Orange Pump
2018-03-21,54.47488210020867,M003,Orange Pump
2018-03-22,54.965438261755935,M003,Orange Pump
2018-03-23,54.25212072715388,M003,Orange Pump
2018-03-24,53.80249444369212,M003,Orange Pump
2018-03-25,53.55402574536429,M003,Orange Pump
2018-03-26,54.63579946489318,M003,Orange Pump
2018-03-27,53.71649081810475,M003,Orange Pump
2018-03-28,53.63357812016483,M003,Orange Pump
2018-03-29,54.30706767422562,M003,Orange Pump
2018-03-30,53.790906222242306,M003,Orange Pump
2018-03-31,53.54911242812869,M003,Orange Pump
2018-04-01,53.515330039455506,M003,Orange Pump
2018-04-02,54.81463436880352,M003,Orange Pump
2018-04-03,54.1115984702919,M003,Orange Pump
2018-04-04,54.239602605066196,M003,Orange Pump
2018-04-05,55.114655802528404,M003,Orange Pump
2018-04-06,54.78690237490173,M003,Orange Pump
2018-04-07,54.716842394063015,M003,Orange Pump
2018-04-08,54.8349664543963,M003,Orange Pump
2018-04-09,56.26363424281366,M003,Orange Pump
2018-04-10,55.66520143238844,M003,Orange Pump
2018-04-11,55.87137694597228,M003,Orange Pump
2018-04-12,56.79707820346497,M003,Orange Pump
2018-04-13,56.491956403345824,M003,Orange Pump
2018-04-14,56.41662044875017,M003,Orange Pump
2018-04-15,56.50225986098677,M003,Orange Pump
2018-04-16,57.87249663738557,M003,Orange Pump
2018-04-17,57.191471408584135,M003,Orange Pump
2018-04-18,57.29314715887594,M003,Orange Pump
2018-04-19,58.095099683418916,M003,Orange Pump
2018-04-20,57.64996869155876,M003,Orange Pump
2018-04-21,57.42160026995625,M003,Orange Pump
2018-04-22,57.34458333707009,M003,Orange Pump
2018-04-23,58.54601245433789,M003,Orange Pump
2018-04-24,57.69348480931389,M003,Orange Pump
2018-04-25,57.62431707653952,M003,Orange Pump
2018-04-26,58.25925368546919,M003,Orange Pump
2018-04-27,57.65384260711441,M003,Orange Pump
2018-04-28,57.2745113612978,M003,Orange Pump
2018-04-29,57.058047594540874,M003,Orange Pump
2018-04-30,58.1333179955702,M003,Orange Pump
2018-05-01,57.1692344106133,M003,Orange Pump
2018-05-02,57.00395352869616,M003,Orange Pump
2018-05-03,57.55858193184902,M003,Orange Pump
2018-05-04,56.888562483690016,M003,Orange Pump
2018-05-05,56.45977422318544,M003,Orange Pump
2018-05-06,56.208049199675315,M003,Orange Pump
2018-05-07,57.26093875291865,M003,Orange Pump
2018-05-08,56.28573652665607,M003,Orange Pump
2018-05-09,56.11874275021472,M003,Orange Pump
2018-05-10,56.67903954059854,M003,Orange Pump
2018-05-11,56.01995101100368,M003,Orange Pump
2018-05-12,55.60521808481589,M003,Orange Pump
2018-05-13,55.3685891711894,M003,Orange Pump
2018-05-14,56.43565698063631,M003,Orange Pump
2018-05-15,55.47194666455675,M003,Orange Pump
2018-05-16,55.312237890678105,M003,Orange Pump
2018-05-17,55.87438892286355,M003,Orange Pump
2018-05-18,55.210835094154554,M003,Orange Pump
2018-05-19,54.7847905024278,M003,Orange Pump
2018-05-20,54.529853372382966,M003,Orange Pump
2018-05-21,55.571845026731424,M003,Orange Pump
2018-05-22,54.5768876998552,M003,Orange Pump
2018-05-23,54.380704236661,M003,Orange Pump
2018-05-24,54.90240854234512,M003,Orange Pump
2018-05-25,54.19596030987979,M003,Orange Pump
2018-05-26,53.72631429711652,M003,Orange Pump
2018-05-27,53.428966299145664,M003,Orange Pump
2018-05-28,54.43172766739557,M003,Orange Pump
2018-05-29,53.40273566477233,M003,Orange Pump
2018-05-30,53.17968483982316,M003,Orange Pump
2018-05-31,53.68355044422024,M003,Orange Pump
2018-06-01,52.96997953100321,M003,Orange Pump
2018-06-02,52.505382003193915,M003,Orange Pump
2018-06-03,52.22642558228089,M003,Orange Pump
2018-06-04,53.26176814169231,M003,Orange Pump
2018-06-05,52.280036009344,M003,Orange Pump
2018-06-06,52.11903441765362,M003,Orange Pump
2018-06-07,52.699461770733805,M003,Orange Pump
2018-06-08,52.07630364166712,M003,Orange Pump
2018-06-09,51.71493866656208,M003,Orange Pump
2018-06-10,51.55065982632138,M003,Orange Pump
2018-06-11,52.71044372192097,M003,Orange Pump
2018-06-12,51.860975272748284,M003,Orange Pump
2018-06-13,51.83791254285868,M003,Orange Pump
2018-06-14,52.559661637686226,M003,Orange Pump
2018-06-15,52.07883565693724,M003,Orange Pump
2018-06-16,51.858427802713685,M003,Orange Pump
2018-06-17,51.831399990426064,M003,Orange Pump
2018-06-18,53.122517415927774,M003,Orange Pump
2018-06-19,52.39643441497344,M003,Orange Pump
2018-06-20,52.487014351277985,M003,Orange Pump
2018-06-21,53.311151695041076,M003,Orange Pump
2018-06-22,52.92026874179386,M003,Orange Pump
2018-06-23,52.776515829974365,M003,Orange Pump
2018-06-24,52.81237550041367,M003,Orange Pump
2018-06-25,54.1525005144108,M003,Orange Pump
2018-06-26,53.46179091718671,M003,Orange Pump
2018-06-27,53.57469312964281,M003,Orange Pump
2018-06-28,54.408989868381816,M003,Orange Pump
2018-06-29,54.01725435776039,M003,Orange Pump
2018-06-30,53.86299905369522,M003,Orange Pump
2018-07-01,53.88022099225789,M003,Orange Pump
2018-07-02,55.19517560911581,M003,Orange Pump
2018-07-03,54.47438634780636,M003,Orange Pump
2018-07-04,54.553875308276815,M003,Orange Pump
2018-07-05,55.35288607185403,M003,Orange Pump
2018-07-06,54.925274497705914,M003,Orange Pump
2018-07-07,54.735599963359284,M003,Orange Pump
2018-07-08,54.71862126471205,M003,Orange Pump
2018-07-09,56.001030904911644,M003,Orange Pump
2018-07-10,55.249436691501934,M003,Orange Pump
2018-07-11,55.299577157427585,M003,Orange Pump
2018-07-12,56.07004282326144,M003,Orange Pump
2018-07-13,55.61367955859304,M003,Orange Pump
2018-07-14,55.39370653731592,M003,Orange Pump
2018-07-15,55.34325257317456,M003,Orange Pump
2018-07-16,56.58714368840648,M003,Orange Pump
2018-07-17,55.78994952766442,M003,Orange Pump
2018-07-18,55.785273425105494,M003,Orange Pump
2018-07-19,56.489556076374726,M003,Orange Pump
2018-07-20,55.95356670415309,M003,Orange Pump
2018-07-21,55.63861160297738,M003,Orange Pump
2018-07-22,55.47616107359575,M003,Orange Pump
2018-07-23,56.589724735227065,M003,Orange Pump
2018-07-24,55.64297995786166,M003,Orange Pump
2018-07-25,55.46913543185139,M003,Orange Pump
2018-07-26,55.98479719907599,M003,Orange Pump
2018-07-27,55.24150865139131,M003,Orange Pump
2018-07-28,54.701992318864114,M003,Orange Pump
2018-07-29,54.299792782832874,M003,Orange Pump
2018-07-30,55.16114947268806,M003,Orange Pump
2018-07-31,53.9531033515758,M003,Orange Pump
2018-08-01,53.51281929721245,M003,Orange Pump
2018-08-02,53.76139183614759,M003,Orange Pump
2018-08-03,52.7553066206102,M003,Orange Pump
2018-08-04,51.96258689216837,M003,Orange Pump
2018-08-05,51.32232620067494,M003,Orange Pump
2018-08-06,51.966438541625614,M003,Orange Pump
2018-08-07,50.567632736979775,M003,Orange Pump
2018-08-08,49.96859603350519,M003,Orange Pump
2018-08-09,50.09565801478401,M003,Orange Pump
2018-08-10,49.01011083600606,M003,Orange Pump
2018-08-11,48.184218734790534,M003,Orange Pump
2018-08-12,47.56062178616178,M003,Orange Pump
2018-08-13,48.27396865605268,M003,Orange Pump
2018-08-14,46.99878856306018,M003,Orange Pump
2018-08-15,46.57859050642499,M003,Orange Pump
2018-08-16,46.93946355183821,M003,Orange Pump
2018-08-17,46.141356412608744,M003,Orange Pump
2018-08-18,45.6540709731576,M003,Orange Pump
2018-08-19,45.4166758278772,M003,Orange Pump
2018-08-20,46.55917506598929,M003,Orange Pump
2018-08-21,45.75044233645872,M003,Orange Pump
2018-08-22,45.827407416314074,M003,Orange Pump
2018-08-23,46.70876759091426,M003,Orange Pump
2018-08-24,46.44639997962652,M003,Orange Pump
2018-08-25,46.501506772685204,M003,Orange Pump
2018-08-26,46.80419625335692,M003,Orange Pump
2018-08-27,48.47533119315868,M003,Orange Pump
2018-08-28,48.17465065273157,M003,Orange Pump
2018-08-29,48.73014814793707,M003,Orange Pump
2018-08-30,50.05197406697396,M003,Orange Pump
2018-08-31,50.18403399908077,M003,Orange Pump
2018-09-01,50.58031052825518,M003,Orange Pump
2018-09-02,51.164607124781554,M003,Orange Pump
2018-09-03,53.052541758665086,M003,Orange Pump
2018-09-04,52.89979268224712,M003,Orange Pump
2018-09-05,53.53157622610333,M003,Orange Pump
2018-09-06,54.85662192905267,M003,Orange Pump
2018-09-07,54.918814714866954,M003,Orange Pump
2018-09-08,55.173530390505306,M003,Orange Pump
2018-09-09,55.547362524227,M003,Orange Pump
2018-09-10,57.16006847533118,M003,Orange Pump
2018-09-11,56.67273789238124,M003,Orange Pump
2018-09-12,56.91716509720072,M003,Orange Pump
2018-09-13,57.809692916377834,M003,Orange Pump
2018-09-14,57.40270052936873,M003,Orange Pump
2018-09-15,57.160765011830826,M003,Orange Pump
2018-09-16,57.02019850279507,M003,Orange Pump
2018-09-17,58.11079301076707,M003,Orange Pump
2018-09-18,57.10378069028139,M003,Orange Pump
2018-09-19,56.840995683388584,M003,Orange Pump
2018-09-20,57.24850981522649,M003,Orange Pump
2018-09-21,56.3879193769839,M003,Orange Pump
2018-09-22,55.732317164504074,M003,Orange Pump
2018-09-23,55.22565590944288,M003,Orange Pump
2018-09-24,56.00433894573881,M003,Orange Pump
2018-09-25,54.74504930051689,M003,Orange Pump
2018-09-26,54.29380611386605,M003,Orange Pump
2018-09-27,54.5795228756113,M003,Orange Pump
2018-09-28,53.665246252019045,M003,Orange Pump
2018-09-29,53.0241105196408,M003,Orange Pump
2018-09-30,52.5987138864916,M003,Orange Pump
2018-10-01,53.52275198447829,M003,Orange Pump
2018-10-02,52.468918480488135,M003,Orange Pump
2018-10-03,52.278059823090516,M003,Orange Pump
2018-10-04,52.87285613095736,M003,Orange Pump
2018-10-05,52.30920398563712,M003,Orange Pump
2018-10-06,52.052332684451585,M003,Orange Pump
2018-10-07,52.03635640961966,M003,Orange Pump
2018-10-08,53.386093505462114,M003,Orange Pump
